,beds,baths,size,zip_code,price,price_per_sqft
0,3,3.0,2850.0,98119,1175000.0,41228070.1754386
1,4,5.0,3040.0,98106,1057500.0,34786184.21052632
2,3,1.0,1290.0,98125,799000.0,61937984.49612403
3,3,2.0,2360.0,98188,565000.0,23940677.966101695
4,3,3.5,1942.0,98107,1187000.0,61122554.06797116
5,2,2.0,963.0,98122,701000.0,72793354.10176532
6,1,1.0,756.0,98105,480000.0,63492063.49206349
7,4,6.0,3300.0,98199,1795000.0,54393939.39393939
8,4,2.0,2060.0,98144,1025000.0,49757281.55339806
9,1,1.0,672.0,98122,450000.0,66964285.71428572
10,3,2.5,1760.0,98122,1135000.0,64488636.36363637
11,1,1.5,924.0,98121,568000.0,61471861.471861474
12,3,2.0,2500.0,98136,648000.0,25920000.0
13,2,2.0,1800.0,98199,699950.0,38886111.11111111
14,1,1.0,574.0,98104,429950.0,74904181.18466899
15,2,2.0,2241.0,98112,2450000.0,109326193.66354306
16,3,1.5,2320.0,98109,1275000.0,54956896.551724136
17,2,2.0,1415.0,98125,449000.0,31731448.763250884
18,3,1.5,1750.0,98102,925000.0,52857142.85714286
19,3,3.0,2340.0,98126,974898.0,41662307.692307696
20,4,2.0,1690.0,98168,550000.0,32544378.698224854
21,3,2.5,2320.0,98103,1175000.0,50646551.72413793
22,2,1.0,1760.0,98116,700000.0,39772727.27272727
23,1,1.0,685.0,98121,570000.0,83211678.83211678
24,2,2.0,946.0,98103,690000.0,72938689.21775898
25,3,2.0,1610.0,98146,540000.0,33540372.670807455
26,3,1.0,1390.0,98105,450000.0,32374100.71942446
27,2,1.0,1620.0,98178,487639.0,30101172.83950617
28,4,2.5,2010.0,98136,982000.0,48855721.39303482
29,2,1.5,890.0,98146,510000.0,57303370.78651685
30,2,2.0,964.0,98126,512500.0,53163900.41493776
31,2,1.0,980.0,98144,598000.0,61020408.1632653
32,4,4.0,3310.0,98116,1215000.0,36706948.64048339
33,2,1.0,840.0,98146,485000.0,57738095.23809524
34,2,2.0,1878.0,98115,515000.0,27422790.202342916
35,3,2.0,1910.0,98109,1090000.0,57068062.827225134
36,2,1.0,900.0,98133,474000.0,52666666.666666664
37,3,2.0,2210.0,98118,1425000.0,64479638.00904977
38,3,2.5,2168.0,98119,1700000.0,78413284.13284133
39,3,2.0,2760.0,98105,1235000.0,44746376.8115942
40,2,2.5,2760.0,98105,1440000.0,52173913.04347826
41,2,2.5,1291.0,98144,680000.0,52672347.01781565
42,7,6.0,3780.0,98119,1210000.0,32010582.01058201
43,4,3.0,2190.0,98112,1685000.0,76940639.2694064
44,4,3.5,4027.0,98199,2170000.0,53886267.69307177
45,4,2.5,3410.0,98125,1700000.0,49853372.4340176
46,5,2.0,2470.0,98107,905000.0,36639676.11336032
47,3,2.0,1850.0,98117,890000.0,48108108.10810811
48,4,3.0,2430.0,98106,995000.0,40946502.05761317
49,2,2.0,1395.0,98199,751849.0,53895985.663082436
50,2,1.5,1290.0,98117,869000.0,67364341.08527131
51,4,1.0,1485.0,98178,500000.0,33670033.67003367
52,1,1.0,718.0,98115,525000.0,73119777.15877438
53,3,2.5,2220.0,98177,1350000.0,60810810.81081081
54,2,2.0,899.0,98103,587000.0,65294771.968854286
55,2,1.0,785.0,98102,470000.0,59872611.46496815
56,3,3.0,2225.0,98101,2850000.0,128089887.64044943
57,3,2.0,1648.0,98126,765000.0,46419902.91262136
58,5,3.0,1840.0,98115,650000.0,35326086.95652174
59,3,2.5,1785.0,98144,850000.0,47619047.61904762
60,3,1.5,1520.0,98136,1200000.0,78947368.42105263
61,3,1.5,1460.0,98168,410000.0,28082191.78082192
62,2,2.0,1656.0,98115,642000.0,38768115.942028984
63,3,1.5,1690.0,98105,625000.0,36982248.52071006
64,4,2.5,3200.0,98118,1100000.0,34375000.0
65,2,2.0,1030.0,98112,825000.0,80097087.37864077
66,3,2.5,1220.0,98109,900000.0,73770491.80327868
67,3,2.0,1330.0,98126,705000.0,53007518.79699248
68,2,1.0,877.0,98146,350000.0,39908779.93158495
69,2,2.0,1254.0,98121,1069000.0,85247208.93141946
70,4,3.0,3160.0,98116,1425000.0,45094936.70886076
71,3,2.0,1305.0,98118,714000.0,54712643.67816092
72,3,2.0,2798.0,98109,1185000.0,42351679.77126519
73,4,2.0,2100.0,98199,1000000.0,47619047.61904762
74,3,2.5,1620.0,98117,885000.0,54629629.62962963
75,1,1.0,801.0,98102,499995.0,62421348.31460674
76,5,2.0,2180.0,98144,927500.0,42545871.559633024
77,2,2.0,1025.0,98126,470000.0,45853658.53658537
78,3,2.5,1830.0,98116,1150000.0,62841530.05464481
79,3,2.5,1800.0,98126,715000.0,39722222.222222224
80,3,2.0,2470.0,98105,705000.0,28542510.12145749
81,2,1.0,2090.0,98103,820000.0,39234449.76076555
82,1,1.0,661.0,98102,415000.0,62783661.11951589
83,5,5.0,2440.0,98115,1505000.0,61680327.86885246
84,3,1.5,1770.0,98168,539000.0,30451977.401129942
85,3,2.5,1540.0,98107,756000.0,49090909.09090909
86,5,4.0,3510.0,98199,1735000.0,49430199.43019943
87,5,3.0,2480.0,98126,845000.0,34072580.64516129
88,4,2.5,1690.0,98108,399950.0,23665680.47337278
89,9,6.0,6139.0,98116,2800000.0,45610034.207525656
90,5,4.0,4770.0,98115,1140000.0,23899371.06918239
91,2,2.0,1353.0,98115,749000.0,55358462.67553584
92,3,1.5,1190.0,98108,197009.0,16555378.151260504
93,5,3.5,4280.0,98102,2300000.0,53738317.75700934
94,1,1.0,810.0,98108,385000.0,47530864.197530866
95,3,2.0,1540.0,98108,632500.0,41071428.571428575
96,3,2.5,1660.0,98146,695000.0,41867469.87951807
97,3,2.0,1640.0,98136,907500.0,55335365.853658535
98,2,1.0,1600.0,98117,852500.0,53281250.0
99,4,2.0,1300.0,98146,589950.0,45380769.23076923
100,2,2.0,1192.0,98117,674800.0,56610738.25503356
101,2,1.0,720.0,98106,540000.0,75000000.0
102,2,2.0,1171.0,98103,685000.0,58497011.101622544
103,3,2.5,1390.0,98125,569995.0,41006834.5323741
104,4,1.5,2260.0,98125,678000.0,30000000.0
105,2,1.0,585.0,98107,430000.0,73504273.5042735
106,4,2.5,1333.0,98118,476000.0,35708927.231807955
107,4,1.0,1530.0,98126,565000.0,36928104.5751634
108,2,1.0,1720.0,98144,619000.0,35988372.093023255
109,1,1.0,591.0,98121,405000.0,68527918.78172588
110,2,1.0,839.0,98199,449000.0,53516090.58402861
111,2,2.0,886.0,98116,640000.0,72234762.97968398
112,1,1.0,872.0,98107,550000.0,63073394.49541284
113,4,3.5,2780.0,98146,900000.0,32374100.71942446
114,3,3.5,1770.0,98107,1025000.0,57909604.51977401
115,4,2.5,3096.0,98177,1870000.0,60400516.79586563
116,2,1.0,1750.0,98103,840000.0,48000000.0
117,5,3.0,3110.0,98177,2800000.0,90032154.34083602
118,1,1.0,608.0,98103,360000.0,59210526.315789476
119,2,2.0,866.0,98122,543000.0,62702078.521939956
120,3,2.0,1710.0,98117,1015000.0,59356725.14619883
121,3,2.0,1250.0,98107,750000.0,60000000.0
122,4,2.0,3195.0,98199,1490000.0,46635367.76212832
123,7,3.5,3550.0,98199,1850000.0,52112676.05633803
124,3,1.5,2800.0,98103,1000000.0,35714285.71428572
125,7,7.0,3580.0,98105,1850000.0,51675977.653631285
126,3,3.5,1650.0,98107,1050000.0,63636363.63636363
127,1,1.0,610.0,98119,340000.0,55737704.91803279
128,4,2.0,2950.0,98199,1200000.0,40677966.10169491
129,4,3.0,2480.0,98105,1950000.0,78629032.25806452
130,3,2.0,1600.0,98125,500000.0,31250000.0
131,1,1.0,662.0,98101,685000.0,103474320.24169184
132,4,2.5,2660.0,98122,1745000.0,65601503.7593985
133,4,3.0,2960.0,98178,875000.0,29560810.81081081
134,3,2.5,2060.0,98103,1170000.0,56796116.504854366
135,3,3.0,1860.0,98119,1260000.0,67741935.48387097
136,3,1.5,1833.0,98122,985000.0,53737043.09874523
137,3,2.0,1404.0,98146,449000.0,31980056.98005698
138,3,3.0,1540.0,98122,900000.0,58441558.44155844
139,1,1.0,772.0,98121,439000.0,56865284.974093266
140,4,1.0,2169.0,98118,867000.0,39972337.48271093
141,3,2.0,1840.0,98136,851000.0,46250000.0
142,3,4.0,2080.0,98133,2250000.0,108173076.92307693
143,4,3.5,3738.0,98102,3480000.0,93097913.32263242
144,1,1.0,610.0,98126,425000.0,69672131.14754099
145,5,2.5,2786.0,98125,900000.0,32304379.03804738
146,3,1.0,1950.0,98177,562500.0,28846153.846153848
147,3,1.0,1580.0,98103,704950.0,44617088.60759494
148,2,1.5,900.0,98133,455000.0,50555555.55555555
149,3,2.5,1757.0,98103,1155000.0,65737051.79282869
150,2,2.5,2349.0,98122,1775000.0,75564069.81694338
151,1,1.0,506.0,98121,396000.0,78260869.56521739
152,2,2.5,3030.0,98199,2600000.0,85808580.85808581
153,4,3.5,3760.0,98116,2200000.0,58510638.29787234
154,2,2.0,840.0,98116,645000.0,76785714.28571428
155,1,1.0,588.0,98103,335000.0,56972789.11564626
156,4,2.5,3480.0,98103,2150000.0,61781609.1954023
157,2,1.5,1065.0,98117,850000.0,79812206.57276995
158,2,1.5,917.0,98103,625000.0,68157033.80588877
159,1,1.0,603.0,98121,450000.0,74626865.6716418
160,1,1.0,704.0,98133,278000.0,39488636.36363637
161,2,2.5,2140.0,98109,835000.0,39018691.588785045
162,2,1.5,1059.0,98106,499000.0,47119924.45703494
163,3,2.0,1500.0,98107,905000.0,60333333.333333336
164,2,2.0,1271.0,98107,725000.0,57041699.44925256
165,1,1.0,862.0,98104,430000.0,49883990.71925754
166,2,1.0,1660.0,98115,822000.0,49518072.28915662
167,3,2.5,1360.0,98144,719950.0,52937500.0
168,2,2.0,1345.0,98119,700000.0,52044609.665427506
169,4,3.5,3500.0,98115,1720000.0,49142857.14285714
170,2,1.0,1070.0,98106,520000.0,48598130.841121495
171,4,5.5,2867.0,98122,1650000.0,57551447.50610394
172,4,2.5,2230.0,98115,1475000.0,66143497.75784753
173,2,1.5,900.0,98133,549755.0,61083888.88888889
174,3,1.5,1892.0,98112,692500.0,36601479.91543341
175,2,2.0,921.0,98121,675000.0,73289902.2801303
176,4,3.0,2580.0,98118,1025000.0,39728682.170542635
177,3,2.5,2720.0,98103,1450000.0,53308823.52941176
178,3,3.0,2290.0,98103,1108000.0,48384279.47598253
179,3,2.5,2750.0,98103,1300000.0,47272727.27272727
180,3,1.0,1100.0,98108,505000.0,45909090.90909091
181,5,5.0,2260.0,98115,2100000.0,92920353.98230088
182,4,3.5,2970.0,98199,2334500.0,78602693.6026936
183,4,2.0,1840.0,98108,640000.0,34782608.69565217
184,4,3.0,3510.0,98122,1550000.0,44159544.15954416
185,2,2.0,916.0,98109,545000.0,59497816.593886465
186,2,2.0,1162.0,98102,730000.0,62822719.44922547
187,3,2.0,2330.0,98117,1160000.0,49785407.72532189
188,1,1.0,848.0,98107,575000.0,67806603.7735849
189,2,2.0,1320.0,98117,841000.0,63712121.21212121
190,2,1.0,770.0,98118,250000.0,32467532.467532467
191,4,3.5,3140.0,98117,1825000.0,58121019.10828026
192,3,2.0,1360.0,98115,935000.0,68750000.0
193,2,1.0,960.0,98199,515000.0,53645833.333333336
194,4,1.0,1080.0,98118,565000.0,52314814.81481481
195,4,3.0,2360.0,98136,1100000.0,46610169.49152543
196,3,2.0,1550.0,98199,699000.0,45096774.19354839
197,1,1.0,376.0,98199,1000000.0,265957446.80851063
198,1,1.0,722.0,98118,299000.0,41412742.38227147
199,2,1.0,790.0,98103,615000.0,77848101.26582278
200,3,2.5,1600.0,98103,1150000.0,71875000.0
201,2,2.0,1338.0,98119,700000.0,52316890.881913304
202,3,1.0,1240.0,98133,715000.0,57661290.32258064
203,2,2.5,1400.0,98102,1062500.0,75892857.14285715
204,1,1.0,602.0,98144,374000.0,62126245.84717608
205,4,3.5,4120.0,98178,1209000.0,29344660.19417476
206,4,2.0,1780.0,98117,965000.0,54213483.14606742
207,2,2.0,2270.0,98125,900000.0,39647577.09251101
208,3,1.5,1550.0,98133,699950.0,45158064.51612903
209,3,2.0,1281.0,98136,670000.0,52302888.36846214
210,3,2.5,2760.0,98115,1565000.0,56702898.55072464
211,2,2.5,2030.0,98136,1200000.0,59113300.492610835
212,4,2.5,2210.0,98116,1225000.0,55429864.253393665
213,4,3.5,2023.0,98122,1325000.0,65496786.95007414
214,1,1.0,589.0,98125,262000.0,44482173.17487267
215,3,2.5,2710.0,98178,880000.0,32472324.723247234
216,1,1.0,676.0,98117,355000.0,52514792.89940828
217,2,1.0,1640.0,98103,740000.0,45121951.219512194
218,4,2.5,2020.0,98133,903000.0,44702970.297029704
219,3,3.0,2080.0,98126,819000.0,39375000.0
220,3,3.0,2000.0,98103,990000.0,49500000.0
221,2,1.0,740.0,98126,390000.0,52702702.7027027
222,2,1.0,987.0,98103,660000.0,66869300.9118541
223,7,4.0,2540.0,98103,730000.0,28740157.48031496
224,3,2.5,1690.0,98126,780000.0,46153846.15384615
225,4,2.5,3190.0,98144,869000.0,27241379.310344826
226,4,1.0,1610.0,98144,885000.0,54968944.099378884
227,3,2.5,2130.0,98115,930000.0,43661971.83098592
228,3,2.5,1480.0,98115,890000.0,60135135.13513514
229,3,3.5,1430.0,98112,1000000.0,69930069.93006992
230,1,1.0,782.0,98121,515000.0,65856777.493606135
231,5,2.0,2800.0,98118,1210000.0,43214285.71428572
232,4,2.5,3530.0,98115,1100000.0,31161473.087818697
233,3,2.0,2160.0,98125,720000.0,33333333.333333332
234,3,2.0,2010.0,98146,850000.0,42288557.213930346
235,5,3.5,2527.0,98178,1023000.0,40482785.912148796
236,1,1.0,605.0,98105,270000.0,44628099.17355372
237,5,3.5,3080.0,98119,2125000.0,68993506.49350649
238,3,2.5,2963.0,98177,1480000.0,49949375.63280459
239,3,2.0,1939.0,98119,1450000.0,74780814.85301702
240,3,1.5,2280.0,98119,1610000.0,70614035.08771929
241,6,3.0,2870.0,98105,1030000.0,35888501.742160276
242,6,5.0,3910.0,98108,1300000.0,33248081.841432225
243,4,3.0,1999.0,98102,1350000.0,67533766.88344172
244,2,1.5,1388.0,98122,599000.0,43155619.596541785
245,7,4.0,2670.0,98105,845000.0,31647940.074906368
246,2,2.0,1810.0,98136,699000.0,38618784.53038674
247,3,2.5,1681.0,98126,610000.0,36287923.8548483
248,3,2.5,1512.0,98144,755000.0,49933862.43386243
249,2,2.0,1090.0,98168,327000.0,30000000.0
250,1,1.0,726.0,98121,448900.0,61831955.92286501
251,3,2.0,1444.0,98144,750000.0,51939058.17174515
252,4,2.5,2658.0,98136,1375888.0,51764033.1075997
253,2,1.5,1200.0,98107,730000.0,60833333.333333336
254,5,2.5,2280.0,98168,680000.0,29824561.40350877
255,4,2.5,2750.0,98122,849995.0,30908909.09090909
256,3,1.5,1650.0,98122,790000.0,47878787.878787875
257,3,2.5,1546.0,98106,720000.0,46571798.18887451
258,1,1.0,757.0,98109,432500.0,57133421.4002642
259,5,3.5,4385.0,98103,3100000.0,70695553.02166477
260,4,2.0,2868.0,98103,1550000.0,54044630.40446304
261,2,2.0,1280.0,98136,875000.0,68359375.0
262,3,2.0,1279.0,98118,699000.0,54652071.93119625
263,4,2.0,2278.0,98117,1550000.0,68042142.23002633
264,1,1.0,376.0,98199,1000000.0,265957446.80851063
265,3,2.0,1496.0,98144,843000.0,56350267.37967914
266,4,1.0,2520.0,98115,875000.0,34722222.222222224
267,2,2.0,795.0,98102,550000.0,69182389.93710692
268,3,3.0,2502.0,98117,995000.0,39768185.45163869
269,5,5.0,2920.0,98105,1625000.0,55650684.93150685
270,2,2.0,1130.0,98119,775000.0,68584070.79646018
271,2,2.0,1310.0,98122,815000.0,62213740.45801527
272,5,4.5,4060.0,98117,2095000.0,51600985.221674874
273,4,3.5,4460.0,98177,2550000.0,57174887.89237668
274,4,2.0,2350.0,98118,715000.0,30425531.914893616
275,2,3.0,1230.0,98144,619990.0,50405691.05691057
276,4,2.5,2420.0,98117,1310000.0,54132231.40495868
277,2,2.0,1570.0,98136,760000.0,48407643.31210191
278,1,1.0,608.0,98121,423000.0,69572368.42105263
279,3,1.0,1950.0,98103,925000.0,47435897.43589743
280,4,5.5,4670.0,98144,3175000.0,67987152.03426124
281,1,1.0,647.0,98122,485000.0,74961360.1236476
282,3,2.0,1140.0,98136,780000.0,68421052.63157895
283,3,3.0,2240.0,98117,650000.0,29017857.14285714
284,2,2.0,1061.0,98125,380000.0,35815268.61451461
285,4,3.0,1991.0,98102,1050000.0,52737317.9306881
286,3,2.5,1940.0,98116,1172000.0,60412371.13402062
287,2,1.5,2340.0,98199,1025000.0,43803418.8034188
288,4,5.0,1870.0,98146,700000.0,37433155.080213904
289,1,1.0,707.0,98133,335000.0,47383309.75954738
290,2,2.5,1114.0,98122,850000.0,76301615.7989228
291,5,3.0,3540.0,98115,1185000.0,33474576.27118644
292,4,2.0,2610.0,98117,875000.0,33524904.214559387
293,2,2.0,1250.0,98115,850000.0,68000000.0
294,3,2.0,1920.0,98126,980000.0,51041666.666666664
295,3,2.5,1540.0,98103,875000.0,56818181.81818182
296,3,2.0,1460.0,98117,823000.0,56369863.01369863
297,2,2.0,1223.0,98199,787950.0,64427636.958299264
298,3,2.5,2450.0,98126,1080000.0,44081632.653061226
299,1,1.0,702.0,98116,426000.0,60683760.68376068
300,5,3.0,2170.0,98106,765000.0,35253456.22119816
301,2,1.0,1040.0,98103,875000.0,84134615.38461539
302,4,2.0,1670.0,98125,960000.0,57485029.94011976
303,4,3.0,2140.0,98126,805000.0,37616822.42990654
304,3,2.5,1650.0,98103,975000.0,59090909.09090909
305,2,1.5,735.0,98103,353500.0,48095238.0952381
306,4,3.5,3210.0,98136,1750000.0,54517133.95638629
307,4,1.0,2920.0,98107,899888.0,30818082.19178082
308,4,4.0,1240.0,98125,750000.0,60483870.96774194
309,4,2.5,2030.0,98144,1025000.0,50492610.83743843
310,2,1.0,1480.0,98118,675000.0,45608108.10810811
311,2,2.0,933.0,98112,865000.0,92711682.74383709
312,1,1.0,777.0,98146,244950.0,31525096.525096525
313,5,3.0,2869.0,98125,967000.0,33705123.73649355
314,3,2.0,1700.0,98126,835000.0,49117647.058823526
315,2,2.0,1024.0,98115,510000.0,49804687.5
316,3,2.5,1550.0,98102,840000.0,54193548.38709678
317,5,2.5,2460.0,98125,755000.0,30691056.910569105
318,2,2.0,1170.0,98122,774950.0,66235042.735042736
319,2,1.0,900.0,98199,750000.0,83333333.33333333
320,3,2.5,1210.0,98108,565000.0,46694214.87603306
321,4,3.0,3140.0,98144,1750000.0,55732484.07643312
322,2,1.0,798.0,98109,370000.0,46365914.78696742
323,2,2.5,1134.0,98118,520000.0,45855379.18871252
324,2,2.5,1954.0,98119,1475000.0,75486182.19037871
325,3,3.5,2946.0,98102,6250000.0,212152070.6042091
326,1,1.5,1244.0,98164,970000.0,77974276.52733119
327,3,3.0,1710.0,98133,659000.0,38538011.69590643
328,3,2.5,1440.0,98117,750000.0,52083333.333333336
329,3,3.5,1790.0,98144,1027000.0,57374301.675977655
330,3,2.0,2550.0,98178,650000.0,25490196.07843137
331,2,2.0,1940.0,98116,1505000.0,77577319.58762887
332,5,2.0,3080.0,98126,772500.0,25081168.83116883
333,3,2.0,1561.0,98125,670000.0,42921204.356181934
334,2,2.0,1316.0,98101,899000.0,68313069.9088146
335,4,2.5,2610.0,98112,1715000.0,65708812.260536395
336,3,1.0,960.0,98117,850000.0,88541666.66666667
337,3,3.0,2280.0,98117,1150000.0,50438596.491228074
338,2,2.0,1930.0,98144,900000.0,46632124.35233161
339,2,2.0,1125.0,98115,424950.0,37773333.333333336
340,3,2.0,1699.0,98121,1299000.0,76456739.25838728
341,1,1.0,730.0,98115,330000.0,45205479.45205479
342,7,5.0,4190.0,98115,1513000.0,36109785.20286396
343,2,2.0,1170.0,98103,600000.0,51282051.28205128
344,3,1.0,1935.0,98103,895000.0,46253229.97416021
345,3,2.5,1550.0,98122,1090000.0,70322580.64516129
346,3,2.5,1290.0,98108,585000.0,45348837.20930233
347,2,2.0,1202.0,98109,790000.0,65723793.67720466
348,3,2.5,2420.0,98103,1048000.0,43305785.12396694
349,4,4.5,2190.0,98122,1499950.0,68490867.57990867
350,3,2.0,1850.0,98178,627000.0,33891891.89189189
351,2,1.0,970.0,98125,397500.0,40979381.443298966
352,2,1.5,918.0,98104,550000.0,59912854.03050109
353,2,2.0,1080.0,98106,499950.0,46291666.666666664
354,1,1.0,831.0,98115,415000.0,49939831.528279185
355,4,2.0,2140.0,98118,825000.0,38551401.86915888
356,3,2.0,1481.0,98103,1040000.0,70222822.41728562
357,4,4.0,2630.0,98112,2600000.0,98859315.5893536
358,4,2.0,1920.0,98118,670000.0,34895833.333333336
359,3,2.5,1870.0,98125,700000.0,37433155.080213904
360,5,2.0,2260.0,98168,530000.0,23451327.433628317
361,3,1.0,1210.0,98106,615000.0,50826446.28099173
362,3,1.0,3000.0,98108,706000.0,23533333.333333332
363,3,3.0,1560.0,98106,699950.0,44868589.743589744
364,1,1.0,684.0,98121,693000.0,101315789.4736842
365,1,1.0,565.0,98115,297500.0,52654867.25663717
366,2,2.0,2880.0,98103,1095000.0,38020833.333333336
367,3,1.0,1240.0,98125,675000.0,54435483.87096774
368,3,2.5,1468.0,98103,809950.0,55173705.72207084
369,4,3.5,2500.0,98103,1104000.0,44160000.0
370,3,3.0,2360.0,98115,1210000.0,51271186.44067796
371,6,4.5,3480.0,98117,2550000.0,73275862.06896552
372,4,3.5,2199.0,98117,1560000.0,70941336.97135061
373,3,2.0,1730.0,98168,386000.0,22312138.728323698
374,3,1.5,2516.0,98119,1020000.0,40540540.54054054
375,4,4.0,4935.0,98125,1495000.0,30293819.655521784
376,2,2.0,1168.0,98144,639999.0,54794434.93150685
377,3,2.5,1604.0,98144,769999.0,48004925.18703242
378,3,2.5,1786.0,98103,970000.0,54311310.19036954
379,2,2.0,1174.0,98109,785000.0,66865417.37649063
380,2,1.0,1180.0,98122,934050.0,79156779.66101696
381,2,2.0,770.0,98103,170000.0,22077922.07792208
382,4,2.5,2410.0,98105,2000000.0,82987551.86721991
383,3,1.5,1920.0,98199,975000.0,50781250.0
384,4,2.5,2610.0,98117,1160000.0,44444444.44444445
385,4,2.5,2680.0,98199,1800000.0,67164179.10447761
386,2,2.0,1710.0,98125,710000.0,41520467.83625731
387,4,3.0,2240.0,98178,840000.0,37500000.0
388,4,3.5,3500.0,98199,2000000.0,57142857.14285714
389,3,2.0,1703.0,98117,943000.0,55372871.403405756
390,3,2.0,2600.0,98177,1195000.0,45961538.461538464
391,3,2.0,1200.0,98107,685000.0,57083333.333333336
392,1,1.0,696.0,98122,449000.0,64511494.25287356
393,3,1.0,840.0,98125,610000.0,72619047.61904761
394,4,2.0,2570.0,98119,1550000.0,60311284.04669261
395,4,3.0,2480.0,98117,1270000.0,51209677.41935484
396,4,3.5,2054.0,98103,1165000.0,56718597.85783836
397,4,2.5,1830.0,98125,1050000.0,57377049.18032787
398,5,3.5,2750.0,98112,2450000.0,89090909.0909091
399,3,1.0,1200.0,98125,2100000.0,175000000.0
400,4,3.0,2280.0,98117,1275000.0,55921052.631578945
401,2,3.0,1660.0,98112,1300000.0,78313253.0120482
402,4,2.5,3470.0,98102,1100000.0,31700288.18443804
403,2,2.0,867.0,98115,689000.0,79469434.83275664
404,1,1.5,801.0,98109,500000.0,62421972.53433208
405,1,1.0,501.0,98122,386000.0,77045908.18363273
406,4,3.5,2840.0,98178,720000.0,25352112.676056337
407,3,3.0,2010.0,98115,925000.0,46019900.49751244
408,2,2.0,1252.0,98121,1525000.0,121805111.82108626
409,1,1.0,721.0,98101,389000.0,53952843.273231626
410,3,2.0,1460.0,98115,731250.0,50085616.43835616
411,3,2.5,1107.0,98103,877500.0,79268292.68292683
412,4,1.0,1400.0,98117,1025000.0,73214285.71428572
413,2,1.0,1437.0,98125,700000.0,48712595.685455814
414,3,3.0,3004.0,98112,1450000.0,48268974.700399466
415,1,1.0,700.0,98102,410000.0,58571428.571428575
416,2,2.0,1122.0,98119,565000.0,50356506.23885918
417,4,1.5,2344.0,98109,1222000.0,52133105.80204778
418,4,3.0,2960.0,98108,970000.0,32770270.27027027
419,2,2.0,1063.0,98109,755000.0,71025399.81185324
420,1,1.0,674.0,98122,465000.0,68991097.92284867
421,4,3.5,2510.0,98103,1625000.0,64741035.85657371
422,2,1.0,680.0,98106,510000.0,75000000.0
423,2,2.0,1450.0,98117,1050000.0,72413793.10344827
424,1,3.0,934.0,98119,525000.0,56209850.10706638
425,5,3.0,2400.0,98118,745000.0,31041666.666666668
426,3,2.5,2740.0,98108,489000.0,17846715.328467153
427,5,2.0,2000.0,98105,1075000.0,53750000.0
428,2,2.0,1799.0,98117,755000.0,41967759.86659255
429,3,2.0,1740.0,98199,1425000.0,81896551.72413793
430,3,1.5,2370.0,98115,927000.0,39113924.05063291
431,4,3.5,3780.0,98115,1875000.0,49603174.603174604
432,2,1.5,755.0,98101,500000.0,66225165.56291391
433,1,1.0,764.0,98105,510000.0,66753926.70157068
434,3,3.0,2910.0,98125,1249900.0,42951890.03436426
435,3,3.0,1419.0,98122,861955.0,60743833.68569415
436,4,2.0,2800.0,98178,675000.0,24107142.85714286
437,3,1.5,1510.0,98133,725000.0,48013245.033112586
438,3,2.5,1520.0,98107,975000.0,64144736.84210526
439,3,2.5,1570.0,98102,955000.0,60828025.477707006
440,2,2.0,1028.0,98103,700000.0,68093385.21400778
441,3,2.0,1660.0,98106,805000.0,48493975.90361446
442,5,3.5,3153.0,98177,2266000.0,71868062.16301934
443,2,1.0,875.0,98117,750000.0,85714285.71428572
444,3,2.5,1800.0,98108,655000.0,36388888.88888889
445,3,2.5,1510.0,98136,880000.0,58278145.69536424
446,2,2.0,1220.0,98178,585000.0,47950819.67213115
447,3,2.5,1630.0,98107,1060000.0,65030674.84662577
448,3,3.5,1319.0,98119,875000.0,66338134.95072024
449,3,2.5,2695.0,98115,1345000.0,49907235.62152134
450,3,4.0,3410.0,98125,1702619.0,49930175.95307918
451,2,2.5,2094.0,98102,1500000.0,71633237.82234956
452,4,3.5,2380.0,98106,830000.0,34873949.579831935
453,3,3.5,2938.0,98136,1350000.0,45949625.5956433
454,2,1.5,1293.0,98115,779950.0,60320959.01005414
455,3,2.0,2730.0,98117,1150000.0,42124542.124542125
456,2,1.0,1120.0,98102,1350000.0,120535714.28571428
457,3,1.0,1280.0,98199,875000.0,68359375.0
458,3,2.5,2350.0,98115,1625000.0,69148936.17021276
459,1,1.0,692.0,98122,499950.0,72247109.8265896
460,3,1.5,1350.0,98126,665000.0,49259259.25925926
461,4,4.0,2895.0,98119,2206500.0,76217616.58031088
462,4,3.5,4420.0,98199,2350000.0,53167420.81447964
463,4,2.0,1740.0,98103,950000.0,54597701.14942529
464,1,1.0,547.0,98125,264000.0,48263254.11334552
465,3,2.0,1200.0,98178,624950.0,52079166.666666664
466,3,2.0,1410.0,98115,1035000.0,73404255.31914894
467,3,1.0,1290.0,98178,412000.0,31937984.49612403
468,5,4.5,2920.0,98106,1000000.0,34246575.34246575
469,5,3.0,2310.0,98118,680000.0,29437229.437229436
470,3,2.5,1810.0,98125,899000.0,49668508.287292816
471,4,1.5,1410.0,98133,827500.0,58687943.26241135
472,3,2.0,1800.0,98178,575000.0,31944444.444444444
473,4,3.0,2860.0,98117,1165000.0,40734265.73426574
474,2,2.0,2680.0,98126,749950.0,27983208.95522388
475,4,2.0,1860.0,98103,1350000.0,72580645.16129032
476,3,2.0,1340.0,98117,985000.0,73507462.68656716
477,3,1.0,1110.0,98117,505000.0,45495495.4954955
478,4,3.0,2527.0,98122,1375000.0,54412346.65611397
479,2,2.5,1057.0,98102,650000.0,61494796.594134346
480,3,2.5,1054.0,98115,815000.0,77324478.17836812
481,4,6.5,3400.0,98122,1550000.0,45588235.294117644
482,4,3.0,2290.0,98146,685000.0,29912663.755458515
483,4,2.0,2260.0,98106,760000.0,33628318.584070794
484,3,3.0,2480.0,98146,1595000.0,64314516.12903226
485,3,1.0,1240.0,98146,220000.0,17741935.48387097
486,2,2.0,1036.0,98103,799950.0,77215250.96525097
487,2,1.0,1900.0,98119,1015000.0,53421052.631578945
488,4,2.5,1544.0,98117,975000.0,63147668.393782385
489,2,1.0,1160.0,98126,525000.0,45258620.68965517
490,3,3.0,1650.0,98178,591995.0,35878484.84848485
491,1,1.0,529.0,98103,367000.0,69376181.47448015
492,4,3.0,2310.0,98136,1100000.0,47619047.61904762
493,4,2.5,2880.0,98115,1900000.0,65972222.222222224
494,1,1.5,540.0,98118,750000.0,138888888.8888889
495,1,1.0,645.0,98115,515000.0,79844961.24031007
496,3,2.5,2275.0,98122,1528000.0,67164835.16483517
497,2,2.5,1250.0,98107,770000.0,61600000.0
498,5,3.5,5420.0,98112,4655625.0,85897140.22140221
499,2,1.5,1088.0,98117,628000.0,57720588.23529412
500,5,4.5,5580.0,98146,3800000.0,68100358.42293906
501,3,2.5,1390.0,98126,575000.0,41366906.474820144
502,3,2.5,2950.0,98118,3105000.0,105254237.28813559
503,5,5.0,3010.0,98115,1807000.0,60033222.591362126
504,3,2.0,1301.0,98103,895000.0,68793235.97232898
